品牌,型号,评分分组,评分,评价内容,评论字数,时间,追评内容,页面标题,评价星级
索尼,ZV-E10,好评,4,要不要这样呀，相机都还没捂热，就降价了 也太坑了吧！,26,2026-03-11,,【索尼ZV-E10】索尼（SONY）ZV-E10 半画幅微单相机 单机身 美肤拍照 颜值机身 精准对焦 VLOG APS-C画幅 黑色【行情 报价 价格 评测】-京东,4星
索尼,ZV-E10,好评,5,这次购物体验简直太棒啦！zve10商品质量超赞，细节之处尽显用心，看得出商家在制作上十分考究。物流速度也相当给力，下单没多久就收到了。客服服务更是没话说，有问必答，态度亲切又耐心，必须给五星好评！,98,2026-03-11,,【索尼ZV-E10】索尼（SONY）ZV-E10 半画幅微单相机 单机身 美肤拍照 颜值机身 精准对焦 VLOG APS-C画幅 黑色【行情 报价 价格 评测】-京东,5星
索尼,ZV-E10,好评,5,昨天看还是原价，今天降了150，刚好过了保价期两天，太过分了吧，降那么多，差评。找了客服也是不给退差价，真当老百姓钱那么好赚呢？,64,2026-03-10,,【索尼ZV-E10】索尼（SONY）ZV-E10 半画幅微单相机 单机身 美肤拍照 颜值机身 精准对焦 VLOG APS-C画幅 黑色【行情 报价 价格 评测】-京东,5星
索尼,ZV-E10,差评,1,此用户未及时填写评价内容,12,2026-03-10,不要买！拆封就不给退，霸王条款！,【索尼ZV-E10】索尼（SONY）ZV-E10 半画幅微单相机 单机身 美肤拍照 颜值机身 精准对焦 VLOG APS-C画幅 黑色【行情 报价 价格 评测】-京东,1星
索尼,ZV-E10,好评,5,这款相机简直是颜值担当，对焦挺快，照片拍出来挺清晰的，传输到手机也非常快，外包装完整，物流发货速度很快，整体来说是一次很满意的购物体验。,68,2026-03-10,,【索尼ZV-E10】索尼（SONY）ZV-E10 半画幅微单相机 单机身 美肤拍照 颜值机身 精准对焦 VLOG APS-C画幅 黑色【行情 报价 价格 评测】-京东,5星
索尼,ZV-E10,好评,5,很好用的一个相机，携带非常方便。,16,2026-03-10,,【索尼ZV-E10】索尼（SONY）ZV-E10 半画幅微单相机 单机身 美肤拍照 颜值机身 精准对焦 VLOG APS-C画幅 黑色【行情 报价 价格 评测】-京东,5星
索尼,ZV-E10,差评,1,拿到相机就是破的， 联系索尼京东自营店铺客服破成这鬼样子还装正常，要售后处理又踢皮球给京东客服。自营店铺客服售后服务真差到极点，有事不处理还要消费者自己去催。,79,2026-03-09,,【索尼ZV-E10】索尼（SONY）ZV-E10 半画幅微单相机 单机身 美肤拍照 颜值机身 精准对焦 VLOG APS-C画幅 黑色【行情 报价 价格 评测】-京东,1星
索尼,ZV-E10,好评,5,实物和图片一样，品质在线，细节到位。包装仔细严实，物流又快又稳。店家服务周到，售后有保障，整体体验满分。性价比很高，用着放心，已经推荐给朋友，下次还来！,76,2026-03-08,,【索尼ZV-E10】索尼（SONY）ZV-E10 半画幅微单相机 单机身 美肤拍照 颜值机身 精准对焦 VLOG APS-C画幅 黑色【行情 报价 价格 评测】-京东,5星
索尼,ZV-E10,好评,5,"非常的好用 轻巧 不错不错 推荐
产品包装：好",23,2026-03-08,,【索尼ZV-E10】索尼（SONY）ZV-E10 半画幅微单相机 单机身 美肤拍照 颜值机身 精准对焦 VLOG APS-C画幅 黑色【行情 报价 价格 评测】-京东,5星
索尼,ZV-E10,好评,5,轻便对焦快。换了一圈还是买回这个,16,2026-03-07,,【索尼ZV-E10】索尼（SONY）ZV-E10 半画幅微单相机 单机身 美肤拍照 颜值机身 精准对焦 VLOG APS-C画幅 黑色【行情 报价 价格 评测】-京东,5星
索尼,ZV-E10,好评,5,1. 对比了好几家最终选择这家，果然没失望。商品做工扎实，材质很好，使用起来很方便。京东配送速度快，服务到位，非常满意，以后还会再来！,67,2026-03-06,,【索尼ZV-E10】索尼（SONY）ZV-E10 半画幅微单相机 单机身 美肤拍照 颜值机身 精准对焦 VLOG APS-C画幅 黑色【行情 报价 价格 评测】-京东,5星
索尼,ZV-E10,好评,5,携带轻巧方便，搭配适马1850，对于女士来讲轻松上手不累，拍照特别花树静物绝绝子,40,2026-03-04,,【索尼ZV-E10】索尼（SONY）ZV-E10 半画幅微单相机 单机身 美肤拍照 颜值机身 精准对焦 VLOG APS-C画幅 黑色【行情 报价 价格 评测】-京东,5星
索尼,ZV-E10,好评,5,索尼这个入门级微单相机很好，给孩子买的，孩子很喜欢，照相很清晰，重量也很轻，出门游玩带着方便，多出去看看风景少玩点手机挺好的！,63,2026-03-04,,【索尼ZV-E10】索尼（SONY）ZV-E10 半画幅微单相机 单机身 美肤拍照 颜值机身 精准对焦 VLOG APS-C画幅 黑色【行情 报价 价格 评测】-京东,5星
索尼,ZV-E10,好评,5,版型很正👕，上身效果特别好，朋友都问我要链接呢🔗！,25,2026-03-03,,【索尼ZV-E10】索尼（SONY）ZV-E10 半画幅微单相机 单机身 美肤拍照 颜值机身 精准对焦 VLOG APS-C画幅 黑色【行情 报价 价格 评测】-京东,5星
索尼,ZV-E10,好评,5,我非常满意这次的购物体验！产品质量上乘，服务态度热情周到，物流速度也异常快捷。从下单到收货整个过程都十分顺利，没有任何的不便。商家对待客户的细心和耐心值得表扬，让人感觉非常贴心。总之，这是一次非常愉快的购物经历，我会向朋友们推荐这里，期待下次再次光顾！,126,2026-03-03,,【索尼ZV-E10】索尼（SONY）ZV-E10 半画幅微单相机 单机身 美肤拍照 颜值机身 精准对焦 VLOG APS-C画幅 黑色【行情 报价 价格 评测】-京东,5星
索尼,ZV-E10,好评,5,东西不错，质量挺好，很喜欢下次还会光临，好评推荐，物流很快，服务很好，包装很好，很满意，下次继续，推荐购买，值得信赖。宝贝收到了很不错的。功能强大。操作简单。,79,2026-03-02,,【索尼ZV-E10】索尼（SONY）ZV-E10 半画幅微单相机 单机身 美肤拍照 颜值机身 精准对焦 VLOG APS-C画幅 黑色【行情 报价 价格 评测】-京东,5星
索尼,ZV-E10,好评,5,做工精细，成像效果出众，非常满意！,17,2026-03-02,,【索尼ZV-E10】索尼（SONY）ZV-E10 半画幅微单相机 单机身 美肤拍照 颜值机身 精准对焦 VLOG APS-C画幅 黑色【行情 报价 价格 评测】-京东,5星
索尼,ZV-E10,好评,5,"质量非常好，与卖家描述的完全一致, 真的很喜欢，完全超出期望值，发货速度非常快，包装非常仔细、严实，物流公司服务态度很好，运送速度很快，很满意的一次购物，质量很好， 希望更多的朋友信赖。店主态度特好，会再次光顾的好卖家。赞，发货迅速，态度很好，很满意！很好很好！网上购物这么激烈，没想到店家的服务这么好，商品质量好而价低廉，很热情的卖家，下次还来，希望下次还有机会合作。祝你生意兴隆！",192,2026-03-01,,【索尼ZV-E10】索尼（SONY）ZV-E10 半画幅微单相机 单机身 美肤拍照 颜值机身 精准对焦 VLOG APS-C画幅 黑色【行情 报价 价格 评测】-京东,5星
索尼,ZV-E10,好评,5,真的很喜欢，完全超出期望值，发货速度非常快，包装非常仔细、严实，运送速度很快，很满意的一次购物这质量真是太意外了，实物美美哒，拿在手上很轻巧，拍照也清晰，入门级的微单就是看中它的轻巧，强烈推荐哦~,98,2026-02-28,,【索尼ZV-E10】索尼（SONY）ZV-E10 半画幅微单相机 单机身 美肤拍照 颜值机身 精准对焦 VLOG APS-C画幅 黑色【行情 报价 价格 评测】-京东,5星
索尼,ZV-E10,好评,5,目前使用起来感觉还不错，就是没有闪光灯，夜晚拍照。光照不足，拍照会虚焦。会把照片拍糊。都视频还可以。,50,2026-02-28,,【索尼ZV-E10】索尼（SONY）ZV-E10 半画幅微单相机 单机身 美肤拍照 颜值机身 精准对焦 VLOG APS-C画幅 黑色【行情 报价 价格 评测】-京东,5星
索尼,ZV-E10,好评,5,商品质量很好，包装严实无破损。外观精致，和描述完全一致，没有色差。使用起来非常方便，操作简单，效果令人满意。物流速度很快，快递员服务态度好。客服耐心解答问题，购物体验很愉快。物有所值，性价比高，会推荐给朋友，下次还会再来购买。,113,2026-02-27,,【索尼ZV-E10】索尼（SONY）ZV-E10 半画幅微单相机 单机身 美肤拍照 颜值机身 精准对焦 VLOG APS-C画幅 黑色【行情 报价 价格 评测】-京东,5星
索尼,ZV-E10,好评,5,想入手一个小巧，对焦快的，成像质量好一些的微单相机，就选择了这一款，知道这个是只要拍视频的，但是拍照也可以接受。之前用的是富士某型号热门产品，对焦太慢，这个索尼还行。选择一代主要是机械快门，咔嚓咔嚓。,100,2026-02-27,,【索尼ZV-E10】索尼（SONY）ZV-E10 半画幅微单相机 单机身 美肤拍照 颜值机身 精准对焦 VLOG APS-C画幅 黑色【行情 报价 价格 评测】-京东,5星
索尼,ZV-E10,好评,5,相机拍摄视频效果很好，,11,2026-02-27,,【索尼ZV-E10】索尼（SONY）ZV-E10 半画幅微单相机 单机身 美肤拍照 颜值机身 精准对焦 VLOG APS-C画幅 黑色【行情 报价 价格 评测】-京东,5星
索尼,ZV-E10,好评,5,宝贝收到了！非常出乎意料，非常惊喜！下次还会来的～好卖家，继续关注！全五分好评！,40,2026-02-26,,【索尼ZV-E10】索尼（SONY）ZV-E10 半画幅微单相机 单机身 美肤拍照 颜值机身 精准对焦 VLOG APS-C画幅 黑色【行情 报价 价格 评测】-京东,5星
索尼,ZV-E10,好评,5,"“快递给力，手机手感不错，用着舒服。….....运行速度够快，拍照效果清晰，没买错”。
价格实惠，手机很值，买给老人用的，速度反应快足够支持老人用”",74,2026-02-24,,【索尼ZV-E10】索尼（SONY）ZV-E10 半画幅微单相机 单机身 美肤拍照 颜值机身 精准对焦 VLOG APS-C画幅 黑色【行情 报价 价格 评测】-京东,5星
索尼,ZV-E10,好评,5,！！人生第一台相机！非常不错喜欢！爱不释手了哈哈哈哈哈,27,2026-02-24,,【索尼ZV-E10】索尼（SONY）ZV-E10 半画幅微单相机 单机身 美肤拍照 颜值机身 精准对焦 VLOG APS-C画幅 黑色【行情 报价 价格 评测】-京东,5星
索尼,ZV-E10,好评,5,ZV-E10K作为入门微单很能打，画质、对焦同价位拔尖，视频功能针对性强，机身轻巧好携带。无取景器、续航偏弱是小遗憾，日常拍视频、记录生活完全够用，值得入手。,79,2026-02-17,,【索尼ZV-E10】索尼（SONY）ZV-E10 半画幅微单相机 单机身 美肤拍照 颜值机身 精准对焦 VLOG APS-C画幅 黑色【行情 报价 价格 评测】-京东,5星
索尼,ZV-E10,好评,5,很不错好用 就是送的相机套鸡肋,15,2026-02-24,,【索尼ZV-E10】索尼（SONY）ZV-E10 半画幅微单相机 单机身 美肤拍照 颜值机身 精准对焦 VLOG APS-C画幅 黑色【行情 报价 价格 评测】-京东,5星
索尼,ZV-E10,好评,5,这款相机性价比超高，画质清晰细腻，对焦快速精准，操作简单易上手，机身轻便携带方便。无论是日常记录还是拍摄视频都很出色，使用体验非常满意，强烈推荐！,73,2026-02-24,,【索尼ZV-E10】索尼（SONY）ZV-E10 半画幅微单相机 单机身 美肤拍照 颜值机身 精准对焦 VLOG APS-C画幅 黑色【行情 报价 价格 评测】-京东,5星
索尼,ZV-E10,好评,5,目前用起来还行，新手小白不太会调，但是用起来还不错，确实要光线好的时候才好拍。,39,2026-02-24,,【索尼ZV-E10】索尼（SONY）ZV-E10 半画幅微单相机 单机身 美肤拍照 颜值机身 精准对焦 VLOG APS-C画幅 黑色【行情 报价 价格 评测】-京东,5星
索尼,ZV-E10,差评,1,相机质量没问题就是价格目前太高 我是着急用 非急用暂时不推荐入手 太贵了目前  购物体验很差 送的相机腕带和底座质量极差 我这个还是瑕疵品 客服也不管 谨慎购买 合理评价供大家参考,90,2026-02-23,,【索尼ZV-E10】索尼（SONY）ZV-E10 半画幅微单相机 单机身 美肤拍照 颜值机身 精准对焦 VLOG APS-C画幅 黑色【行情 报价 价格 评测】-京东,1星
索尼,ZV-E10,好评,5,"产品包装：ok
成像效果：过年出游拍照效果不错
便携性能：携带方便",33,2026-02-21,,【索尼ZV-E10】索尼（SONY）ZV-E10 半画幅微单相机 单机身 美肤拍照 颜值机身 精准对焦 VLOG APS-C画幅 黑色【行情 报价 价格 评测】-京东,5星
索尼,ZV-E10,好评,5,📸相机质感超赞，握持手感很舒服～🔋电池续航给力，拍视频一小时无压力！🎥屏幕触控灵敏，操作流畅不卡顿✨成像色彩真实，细节还原到位～💼便携性满分，出门随手拍都超方便👍整体体验非常满意，值得入手！,95,2026-02-21,,【索尼ZV-E10】索尼（SONY）ZV-E10 半画幅微单相机 单机身 美肤拍照 颜值机身 精准对焦 VLOG APS-C画幅 黑色【行情 报价 价格 评测】-京东,5星
索尼,ZV-E10,好评,5,确实很好很不错，还得是SONY,15,2026-02-18,,【索尼ZV-E10】索尼（SONY）ZV-E10 半画幅微单相机 单机身 美肤拍照 颜值机身 精准对焦 VLOG APS-C画幅 黑色【行情 报价 价格 评测】-京东,5星
索尼,ZV-E10,好评,5,客服态度极差，商家少发东西，态度极其傲慢，不建议买,25,2026-02-18,,【索尼ZV-E10】索尼（SONY）ZV-E10 半画幅微单相机 单机身 美肤拍照 颜值机身 精准对焦 VLOG APS-C画幅 黑色【行情 报价 价格 评测】-京东,5星
索尼,ZV-E10,好评,5,相机很不错，自己又加个定焦头。,15,2026-02-15,,【索尼ZV-E10】索尼（SONY）ZV-E10 半画幅微单相机 单机身 美肤拍照 颜值机身 精准对焦 VLOG APS-C画幅 黑色【行情 报价 价格 评测】-京东,5星
索尼,ZV-E10,好评,5,孩子太喜欢了，白色颜值很高，说比那个大疆好多了，年后出去玩正好带着,33,2026-02-15,,【索尼ZV-E10】索尼（SONY）ZV-E10 半画幅微单相机 单机身 美肤拍照 颜值机身 精准对焦 VLOG APS-C画幅 黑色【行情 报价 价格 评测】-京东,5星
索尼,ZV-E10,好评,5,"很轻巧
背着不重
效果还没有试出来
娃很喜欢",22,2026-02-15,,【索尼ZV-E10】索尼（SONY）ZV-E10 半画幅微单相机 单机身 美肤拍照 颜值机身 精准对焦 VLOG APS-C画幅 黑色【行情 报价 价格 评测】-京东,5星
索尼,ZV-E10,好评,5,"非常非常好
喜欢！",9,2026-02-14,,【索尼ZV-E10】索尼（SONY）ZV-E10 半画幅微单相机 单机身 美肤拍照 颜值机身 精准对焦 VLOG APS-C画幅 黑色【行情 报价 价格 评测】-京东,5星
索尼,ZV-E10,好评,5,穿上直接颜值巅峰！立体剪让平板身材也有曲线美，面料自带抗皱属性，适合出差党，飞机上蜷缩十小时依旧挺拔有型！,53,2026-02-14,,【索尼ZV-E10】索尼（SONY）ZV-E10 半画幅微单相机 单机身 美肤拍照 颜值机身 精准对焦 VLOG APS-C画幅 黑色【行情 报价 价格 评测】-京东,5星
索尼,ZV-E10,好评,5,太棒啦 前一天下单 第二天就到啊了～ 拍照 摄像都特别好！ 而且是索尼官方的货 品质有保证，放心，有正规的售后 放心 好评！,62,2026-02-13,,【索尼ZV-E10】索尼（SONY）ZV-E10 半画幅微单相机 单机身 美肤拍照 颜值机身 精准对焦 VLOG APS-C画幅 黑色【行情 报价 价格 评测】-京东,5星
索尼,ZV-E10,好评,5,索尼这款相机摄拍均保真清晰，质量很好，操作携带方便，专业陪伴，非常满意，值得推荐！,41,2026-02-13,,【索尼ZV-E10】索尼（SONY）ZV-E10 半画幅微单相机 单机身 美肤拍照 颜值机身 精准对焦 VLOG APS-C画幅 黑色【行情 报价 价格 评测】-京东,5星
索尼,ZV-E10,好评,5,好用好用好用好用好用好用好用好用好用好用好用好用好用好用好用好用好用好用好用好用好用好用好用好用好用好用好用好用好用好用好用好用好用,66,2026-02-13,,【索尼ZV-E10】索尼（SONY）ZV-E10 半画幅微单相机 单机身 美肤拍照 颜值机身 精准对焦 VLOG APS-C画幅 黑色【行情 报价 价格 评测】-京东,5星
索尼,ZV-E10,好评,5,拍出来很好看，终于拥有了人生第一台相机，也不是很贵，适合学生党。录像的话也很不错，接下来要好好发掘发掘他，更好的记录我的生活,62,2026-02-13,,【索尼ZV-E10】索尼（SONY）ZV-E10 半画幅微单相机 单机身 美肤拍照 颜值机身 精准对焦 VLOG APS-C画幅 黑色【行情 报价 价格 评测】-京东,5星
索尼,ZV-E10,好评,5,"🌟这款产品真的超乎预期！🌟
触控灵敏度很高，操作流畅不卡顿📱，功能齐全又实用🔧，日常使用完全够用。
电池续航给力，一天正常使用毫无压力🔋，充电速度也很快⚡。
包装很用心，快递员服务态度好，送货准时🚚。
整体体验非常满意，强烈推荐👍！
✨✨✨✨✨",122,2026-02-12,,【索尼ZV-E10】索尼（SONY）ZV-E10 半画幅微单相机 单机身 美肤拍照 颜值机身 精准对焦 VLOG APS-C画幅 黑色【行情 报价 价格 评测】-京东,5星
索尼,ZV-E10,好评,5,已经出了，但机子不错，c画幅还是小点，不过便携，很好,26,2026-02-11,,【索尼ZV-E10】索尼（SONY）ZV-E10 半画幅微单相机 单机身 美肤拍照 颜值机身 精准对焦 VLOG APS-C画幅 黑色【行情 报价 价格 评测】-京东,5星
索尼,ZV-E10,好评,5,办公室多次购买，质量稳定，使用方便流畅，不渗水，不卡纸，纸质不泛黄，现办公室仅用此纸，无需采购其他纸，一劳永逸，很好用，打印清晰，不脱粉，不卡纸，用过很多包了，下次还会继续购买，如果有活动可以屯多一点。,101,2026-02-11,,【索尼ZV-E10】索尼（SONY）ZV-E10 半画幅微单相机 单机身 美肤拍照 颜值机身 精准对焦 VLOG APS-C画幅 黑色【行情 报价 价格 评测】-京东,5星
索尼,ZV-E10,好评,5,这台索尼相机太让人惊喜了！画质细腻到每一根发丝都清晰，色彩直出就非常漂亮。对焦速度快如闪电，抓拍孩子和宠物瞬间毫无压力。机身手感扎实，菜单逻辑也比以前改进很多，触屏操作很跟手。无论是拍视频还是照片，表现都非常均衡且出色。原厂包装配件齐全，这个价位能买到这样的性能，真心觉得值！强烈推荐给想升级设备的朋友。,152,2026-02-11,,【索尼ZV-E10】索尼（SONY）ZV-E10 半画幅微单相机 单机身 美肤拍照 颜值机身 精准对焦 VLOG APS-C画幅 黑色【行情 报价 价格 评测】-京东,5星
索尼,ZV-E10,好评,5,ZVE10，选了一代。二代看上去确实很好，但是一代价格真是香啊。差了两千块钱，买个镜头它不好吗。反正用来做直播的，也都是连着假电池使用，用一代二代真没太大区别,79,2026-02-10,,【索尼ZV-E10】索尼（SONY）ZV-E10 半画幅微单相机 单机身 美肤拍照 颜值机身 精准对焦 VLOG APS-C画幅 黑色【行情 报价 价格 评测】-京东,5星
索尼,ZV-E10,好评,5,新手学习挺好，机身小巧,11,2026-02-09,,【索尼ZV-E10】索尼（SONY）ZV-E10 半画幅微单相机 单机身 美肤拍照 颜值机身 精准对焦 VLOG APS-C画幅 黑色【行情 报价 价格 评测】-京东,5星
索尼,ZV-E10,好评,4,拆机装好，不通电，说是索尼都这样的，要先充电，也是无语了！第一次碰到，先充电，回头试试机器！,46,2026-02-08,,【索尼ZV-E10】索尼（SONY）ZV-E10 半画幅微单相机 单机身 美肤拍照 颜值机身 精准对焦 VLOG APS-C画幅 黑色【行情 报价 价格 评测】-京东,4星
索尼,ZV-E10,好评,5,宝贝收到啦，质量超棒，细节处理得很好，完全超出我的预期，必须好评！😘,34,2026-02-07,,【索尼ZV-E10】索尼（SONY）ZV-E10 半画幅微单相机 单机身 美肤拍照 颜值机身 精准对焦 VLOG APS-C画幅 黑色【行情 报价 价格 评测】-京东,5星
索尼,ZV-E10,好评,5,"产品包装：包装完整，没有开封的痕迹。
外形外观：外形简约，做工精细，手感很棒！
成像效果：成像很好，秒杀一切手机。
反应速度：反映很快，操作简单
便携性能：很轻便，携带方便，戴脖子上不感觉重",95,2026-02-07,,【索尼ZV-E10】索尼（SONY）ZV-E10 半画幅微单相机 单机身 美肤拍照 颜值机身 精准对焦 VLOG APS-C画幅 黑色【行情 报价 价格 评测】-京东,5星
索尼,ZV-E10,好评,5,很小巧，比较喜欢的就是它的体积,15,2026-02-07,,【索尼ZV-E10】索尼（SONY）ZV-E10 半画幅微单相机 单机身 美肤拍照 颜值机身 精准对焦 VLOG APS-C画幅 黑色【行情 报价 价格 评测】-京东,5星
索尼,ZV-E10,好评,5,上一个索尼相机用了16年了，对比很多相机还是买索尼。缺点一，只要拆了箱子的封口就不能退货。缺点二，相比单反相机现在的相机功能越多，越没有老款的好用。用来拍照，又不需要很多功能，研究了半天都拍不到旧相机的效果。缺点三，客服人员竟然说你不满意，就当二手的卖了，刚买的相机，只是开了箱，看了一下，试了一下，就要你当二手的卖了也是服了。在京东西，买电器，唯一一次不满意的。,182,2026-02-06,,【索尼ZV-E10】索尼（SONY）ZV-E10 半画幅微单相机 单机身 美肤拍照 颜值机身 精准对焦 VLOG APS-C画幅 黑色【行情 报价 价格 评测】-京东,5星
索尼,ZV-E10,好评,5,东西非常好，大品牌了，值得信赖，商家服务也很好，物流很快，支持支持！东西非常好，大品牌了，值得信赖，商家服务也很好，物流很快，支持支持！,68,2026-02-06,,【索尼ZV-E10】索尼（SONY）ZV-E10 半画幅微单相机 单机身 美肤拍照 颜值机身 精准对焦 VLOG APS-C画幅 黑色【行情 报价 价格 评测】-京东,5星
索尼,ZV-E10,好评,5,收到货了，很好用，适合新商品质量不错，细节、品质、做工都非常好，发货贼快，快递也给力，棒棒哒~品质一级棒，包装也不错，物流很快，而且价格合理，很实惠，很喜欢！手,80,2026-02-05,,【索尼ZV-E10】索尼（SONY）ZV-E10 半画幅微单相机 单机身 美肤拍照 颜值机身 精准对焦 VLOG APS-C画幅 黑色【行情 报价 价格 评测】-京东,5星
索尼,ZV-E10,好评,5,"图片清晰、触碰对焦还算灵敏
电池的话需要备两块备用的吧、平常低强度拍摄的话连续拍摄2个小时左右应该是没有问题出去旅游或者需要全天拍摄的话还是需要买两块备用电池
机身没有防抖但是拍照时快门设置正常没有剧烈抖动基本不会糊片长快门的话一般都上三脚架或者稳定器了所以问题不大
整体来讲个人体验了两周觉得很不错原厂的镜头没有网上说的那么不堪菜单的话也有自定义页面玩熟悉的话还不错
就是DISP想要看其他信息只能一个一个调目前感觉这个体验不是很好或许别的相机这方面操控更轻松但是考虑到价格和综合性能轻便程度来讲还",250,2026-02-05,,【索尼ZV-E10】索尼（SONY）ZV-E10 半画幅微单相机 单机身 美肤拍照 颜值机身 精准对焦 VLOG APS-C画幅 黑色【行情 报价 价格 评测】-京东,5星
索尼,ZV-E10,差评,1,质量很差，建议大家不要买，没有实际效果！日本货已经没有之前质量好,32,2026-02-04,,【索尼ZV-E10】索尼（SONY）ZV-E10 半画幅微单相机 单机身 美肤拍照 颜值机身 精准对焦 VLOG APS-C画幅 黑色【行情 报价 价格 评测】-京东,1星
索尼,ZV-E10,好评,5,功能很多，还在开发，颜值超高，好看好看,19,2026-02-04,,【索尼ZV-E10】索尼（SONY）ZV-E10 半画幅微单相机 单机身 美肤拍照 颜值机身 精准对焦 VLOG APS-C画幅 黑色【行情 报价 价格 评测】-京东,5星
索尼,ZV-E10,好评,5,很轻便，机身质感也不错，但是不适合手太大的人，自带那个头操作难度有点大，新手还是得搞个超大光圈才行，拍视频，记录生活绝对够用，优于是刚接触相机﻿没敢指纹解锁,78,2026-02-04,,【索尼ZV-E10】索尼（SONY）ZV-E10 半画幅微单相机 单机身 美肤拍照 颜值机身 精准对焦 VLOG APS-C画幅 黑色【行情 报价 价格 评测】-京东,5星
索尼,ZV-E10,好评,5,还可以，确实比较吸睛，小巧，拍摄使用也比较方便,23,2026-02-03,,【索尼ZV-E10】索尼（SONY）ZV-E10 半画幅微单相机 单机身 美肤拍照 颜值机身 精准对焦 VLOG APS-C画幅 黑色【行情 报价 价格 评测】-京东,5星
索尼,ZV-E10,好评,5,总体来说，索尼这款相机还是比较适合新手来用的，买给老婆的，用来记录我们平时的生活，还有小宝宝的日常。用起来非常不错，尤其是摄像功能。,66,2026-02-02,,【索尼ZV-E10】索尼（SONY）ZV-E10 半画幅微单相机 单机身 美肤拍照 颜值机身 精准对焦 VLOG APS-C画幅 黑色【行情 报价 价格 评测】-京东,5星
索尼,ZV-E10,好评,5,操作简单，对焦快，重量还可以，装上保护套也没有很沉，出去试拍了一会，照相很清晰，视频功能也不错，给孩子当摄影启蒙是个不错的选择，性价比挺高的。,71,2026-02-02,,【索尼ZV-E10】索尼（SONY）ZV-E10 半画幅微单相机 单机身 美肤拍照 颜值机身 精准对焦 VLOG APS-C画幅 黑色【行情 报价 价格 评测】-京东,5星
索尼,ZV-E10,好评,5,相机颜值很高，因为是新手，拍出来的效果可能不是很好，都是照片很清晰，屏幕可以旋转，可以多角度调节，小巧精致，真是性价比很高的产品,64,2026-02-01,,【索尼ZV-E10】索尼（SONY）ZV-E10 半画幅微单相机 单机身 美肤拍照 颜值机身 精准对焦 VLOG APS-C画幅 黑色【行情 报价 价格 评测】-京东,5星
索尼,ZV-E10,好评,5,近期购买的产品种类繁多，性价比极高。使用体验上，产品表现出色，质量过硬。其价格优势明显，使得整体购物体验非常满意。总体来看，这是一款物超所值的产品，值得推荐。期待未来能有更多机会再次购买。,94,2026-02-01,,【索尼ZV-E10】索尼（SONY）ZV-E10 半画幅微单相机 单机身 美肤拍照 颜值机身 精准对焦 VLOG APS-C画幅 黑色【行情 报价 价格 评测】-京东,5星
索尼,ZV-E10,好评,5,很好，经常在京东买东西，方便快捷,16,2026-01-31,,【索尼ZV-E10】索尼（SONY）ZV-E10 半画幅微单相机 单机身 美肤拍照 颜值机身 精准对焦 VLOG APS-C画幅 黑色【行情 报价 价格 评测】-京东,5星
索尼,ZV-E10,好评,5,"质量可以说是非常好了，与卖家描述的完全一致，非常满意,真的很喜欢，完全超出期望值，发货速度非常快，包装非常仔细、严实，物流公司服务态度很好，运送速度很快，很满意的一次购物",85,2026-01-31,,【索尼ZV-E10】索尼（SONY）ZV-E10 半画幅微单相机 单机身 美肤拍照 颜值机身 精准对焦 VLOG APS-C画幅 黑色【行情 报价 价格 评测】-京东,5星
索尼,ZV-E10,好评,5,颜值 功能 都不错,9,2026-01-31,,【索尼ZV-E10】索尼（SONY）ZV-E10 半画幅微单相机 单机身 美肤拍照 颜值机身 精准对焦 VLOG APS-C画幅 黑色【行情 报价 价格 评测】-京东,5星
索尼,ZV-E10,好评,5,希望能耐用 别出故障,10,2026-01-30,,【索尼ZV-E10】索尼（SONY）ZV-E10 半画幅微单相机 单机身 美肤拍照 颜值机身 精准对焦 VLOG APS-C画幅 黑色【行情 报价 价格 评测】-京东,5星
索尼,ZV-E10,好评,5,这款相机真的太棒了！电池续航超长，拍照对焦又快又准📸，小巧便携放包里毫无压力🎒。屏幕触控灵敏流畅，操作起来非常顺手✨。整体体验满分，值得入手👍！！,73,2026-01-30,,【索尼ZV-E10】索尼（SONY）ZV-E10 半画幅微单相机 单机身 美肤拍照 颜值机身 精准对焦 VLOG APS-C画幅 黑色【行情 报价 价格 评测】-京东,5星
索尼,ZV-E10,好评,5,颜值非常高，操作简单快捷,12,2026-01-30,,【索尼ZV-E10】索尼（SONY）ZV-E10 半画幅微单相机 单机身 美肤拍照 颜值机身 精准对焦 VLOG APS-C画幅 黑色【行情 报价 价格 评测】-京东,5星
索尼,ZV-E10,差评,1,垃圾 再也不用京东了,10,2026-01-28,,【索尼ZV-E10】索尼（SONY）ZV-E10 半画幅微单相机 单机身 美肤拍照 颜值机身 精准对焦 VLOG APS-C画幅 黑色【行情 报价 价格 评测】-京东,1星
索尼,ZV-E10,好评,5,非常不错很不错推荐推荐很流畅,14,2026-01-28,,【索尼ZV-E10】索尼（SONY）ZV-E10 半画幅微单相机 单机身 美肤拍照 颜值机身 精准对焦 VLOG APS-C画幅 黑色【行情 报价 价格 评测】-京东,5星
索尼,ZV-E10,好评,5,这款索尼zv e10相机，做工很好，完美无瑕疵。经过官方查询生产批号，为官方正版相机，半画幅相机里这台相机性价比非常高，续航也很棒，而且支持触摸操作，对新手很友好，总之能花这样的价钱买到这台相机，非常值得购买,104,2026-01-27,,【索尼ZV-E10】索尼（SONY）ZV-E10 半画幅微单相机 单机身 美肤拍照 颜值机身 精准对焦 VLOG APS-C画幅 黑色【行情 报价 价格 评测】-京东,5星
索尼,ZV-E10,好评,5,"产品包装：包装完好，送来也没有任何破损。
外形外观：这款相机外观很漂亮，颜值高，是我喜欢的款式。
成像效果：拍照清晰，配置高，完全满足我的需求。
便携性能：携带方便，出门随时带着",89,2026-01-27,,【索尼ZV-E10】索尼（SONY）ZV-E10 半画幅微单相机 单机身 美肤拍照 颜值机身 精准对焦 VLOG APS-C画幅 黑色【行情 报价 价格 评测】-京东,5星
索尼,ZV-E10,好评,5,"产品包装：送来的时候包装完好，很小巧。
外形外观：外形没的说，很漂亮，很小巧。
成像效果：成像效果还是很不错的，不过还需要一段时间去研究。
便携性能：很小巧，便携性很不错。
其他特色：我买这个，主要是用来做直播用的，具体效果如何，到时候来看情况",122,2026-01-27,,【索尼ZV-E10】索尼（SONY）ZV-E10 半画幅微单相机 单机身 美肤拍照 颜值机身 精准对焦 VLOG APS-C画幅 黑色【行情 报价 价格 评测】-京东,5星
索尼,ZV-E10,差评,1,"新手第一坑，就是买的这个相机，拍出来很模糊，还不如手机拍了，收到盒子也是烂的，售后扯皮，不退不换，刚买到手不到一周就降价，大家要擦亮眼睛，千万别买这款，也别再京东上下单，很垃圾的一次体验，京东上下单手机平板，很多次，这次体验感最差，出了问题，售后态度就是踢皮球，这个部分反馈那个部门一直也没解决，垃圾垃圾垃圾！！！！！
大几千买的东西，盒子📦都是烂的湿的，",178,2026-01-27,刚买就降价，垃圾售后服务也是踢皮球垃圾,【索尼ZV-E10】索尼（SONY）ZV-E10 半画幅微单相机 单机身 美肤拍照 颜值机身 精准对焦 VLOG APS-C画幅 黑色【行情 报价 价格 评测】-京东,1星
索尼,ZV-E10,好评,5,索尼ZV-E10K套机（黑色）小巧便携，画质出色。新升级的16-50mm II代镜头对焦迅速且安静，电动变焦顺滑，非常适合视频创作。侧翻屏和增强的收音效果让单人拍摄无比方便，是一台上手快、表现可靠的内容创作利器。,106,2026-01-25,,【索尼ZV-E10】索尼（SONY）ZV-E10 半画幅微单相机 单机身 美肤拍照 颜值机身 精准对焦 VLOG APS-C画幅 黑色【行情 报价 价格 评测】-京东,5星
索尼,ZV-E10,好评,5,索尼品牌，经典相机，大众情人，入门价位，短焦镜头，机身小巧，操作简单，赠送闪迪，当天下单，当天收货，包装完好，送货到家。,60,2026-01-25,,【索尼ZV-E10】索尼（SONY）ZV-E10 半画幅微单相机 单机身 美肤拍照 颜值机身 精准对焦 VLOG APS-C画幅 黑色【行情 报价 价格 评测】-京东,5星
索尼,ZV-E10,好评,5,感觉录视频还是挺稳的，清晰度也好，但是拍照的话和我苹果14拍的图没觉得差别多大啊，一个像素1000多万一个像素2400万呢，也不知道是不是我不会调参数没发挥它的价值hhh,85,2026-01-25,去旅游拿这个相机拍了很多图，很好拍！被打脸了，到底还是比iphone拍得有氛围感多了,【索尼ZV-E10】索尼（SONY）ZV-E10 半画幅微单相机 单机身 美肤拍照 颜值机身 精准对焦 VLOG APS-C画幅 黑色【行情 报价 价格 评测】-京东,5星
索尼,ZV-E10,差评,1,"差评！花了快五千块钱，体验最差的一次，以前一万多买佳能单反，比这个强百倍。
第一，价格问题，下单时系统不自动关联国补，导致多花了将近6百块钱，客户以拆开包装为由不能无理由退货，玩文字游戏，既当又立，什么叫无理由！
第二，产品不带存储卡，让消费者买了以后怎么用，你商家是来做买卖的，消费者买了你的商品还直接用不了，谁还会过来买！而且客服还态度特别恶劣，说五万的都没有，什么意思，你让消费者用不了你的产品你还骄傲？可笑至极。
联系大家不要买！避免踩坑，这也是最后一次买这个品牌的产品。",240,2026-01-25,送的赠品相机套，浅蓝色，什么审美！也不能选，联系大家不要买这家了！,【索尼ZV-E10】索尼（SONY）ZV-E10 半画幅微单相机 单机身 美肤拍照 颜值机身 精准对焦 VLOG APS-C画幅 黑色【行情 报价 价格 评测】-京东,1星
索尼,ZV-E10,好评,5,这款相机真的太戳我了！透明磨砂质感，拿在手里超有高级感，而且防滑不沾指纹～边框加厚设计，摔了也不怕，安全感满满！贴合度也超好，按键灵敏，日常使用完全无压力，颜值与实力并存，爱了爱了！,91,2026-01-25,,【索尼ZV-E10】索尼（SONY）ZV-E10 半画幅微单相机 单机身 美肤拍照 颜值机身 精准对焦 VLOG APS-C画幅 黑色【行情 报价 价格 评测】-京东,5星
索尼,ZV-E10,差评,1,这是我在京东上购物体验最差的一次，客服服务态度也极差，刚开始沟通可以退货，过了一天立马改口只可以换货，提交申请后，各种拖时间，到最后连换货也不给换，甚至客服直接拉黑买家，商品表面有脱漆，说没有拍开箱视频理由各种推脱，体验极差，就没有碰到这么差的。,123,2026-01-24,,【索尼ZV-E10】索尼（SONY）ZV-E10 半画幅微单相机 单机身 美肤拍照 颜值机身 精准对焦 VLOG APS-C画幅 黑色【行情 报价 价格 评测】-京东,1星
索尼,ZV-E10,好评,5,相机很不错，京东自营店值得信赖，服务也很好，注册耐心解答,28,2026-01-24,,【索尼ZV-E10】索尼（SONY）ZV-E10 半画幅微单相机 单机身 美肤拍照 颜值机身 精准对焦 VLOG APS-C画幅 黑色【行情 报价 价格 评测】-京东,5星
索尼,ZV-E10,好评,5,精致的做工，好看的设计，一如既往的优秀 Sony 。,26,2026-01-23,,【索尼ZV-E10】索尼（SONY）ZV-E10 半画幅微单相机 单机身 美肤拍照 颜值机身 精准对焦 VLOG APS-C画幅 黑色【行情 报价 价格 评测】-京东,5星
索尼,ZV-E10,差评,1,不到1个月降了170块钱，客户只会说，抱歉，千万别在这买,28,2026-01-23,价格太乱了，不要在这个平台买，不到1个月，降了170，客户只会说过了保价时间，别的平台都保，就京东不保，差评,【索尼ZV-E10】索尼（SONY）ZV-E10 半画幅微单相机 单机身 美肤拍照 颜值机身 精准对焦 VLOG APS-C画幅 黑色【行情 报价 价格 评测】-京东,1星
索尼,ZV-E10,好评,5,相机不重，拍照效果很好，喜欢的宝子可以入手咯,22,2026-01-23,,【索尼ZV-E10】索尼（SONY）ZV-E10 半画幅微单相机 单机身 美肤拍照 颜值机身 精准对焦 VLOG APS-C画幅 黑色【行情 报价 价格 评测】-京东,5星
索尼,ZV-E10,好评,4,挺好的一个相机，这个相机的特点就是小型化，照出来效果嘛还可以，索尼的相机的特点就是对焦比较快速比较准确，以前一直用佳能的这次换一个索尼的相机看一下，以前一直用佳能的这次换一个索尼的相机，相信这个索尼的质量，相信京东自营的产品,112,2026-01-23,,【索尼ZV-E10】索尼（SONY）ZV-E10 半画幅微单相机 单机身 美肤拍照 颜值机身 精准对焦 VLOG APS-C画幅 黑色【行情 报价 价格 评测】-京东,4星
索尼,ZV-E10,好评,5,小巧精致，看着还可以，电池没电，充电后看下,21,2026-01-23,,【索尼ZV-E10】索尼（SONY）ZV-E10 半画幅微单相机 单机身 美肤拍照 颜值机身 精准对焦 VLOG APS-C画幅 黑色【行情 报价 价格 评测】-京东,5星
索尼,ZV-E10,好评,5,好用的，很喜欢，入门相机首选,14,2026-01-22,,【索尼ZV-E10】索尼（SONY）ZV-E10 半画幅微单相机 单机身 美肤拍照 颜值机身 精准对焦 VLOG APS-C画幅 黑色【行情 报价 价格 评测】-京东,5星
索尼,ZV-E10,好评,5,好评 终于买到了我心心念念的小相机,17,2026-01-21,,【索尼ZV-E10】索尼（SONY）ZV-E10 半画幅微单相机 单机身 美肤拍照 颜值机身 精准对焦 VLOG APS-C画幅 黑色【行情 报价 价格 评测】-京东,5星
索尼,ZV-E10,好评,5,这款相机画质细腻，色彩还原真实，对焦迅速，无论是日常记录还是专业创作都能轻松胜任，握持手感舒适，是摄影爱好者的理想之选。,60,2026-01-21,,【索尼ZV-E10】索尼（SONY）ZV-E10 半画幅微单相机 单机身 美肤拍照 颜值机身 精准对焦 VLOG APS-C画幅 黑色【行情 报价 价格 评测】-京东,5星
索尼,ZV-E10,中评,3,26年一月底买的相机生产日期是25年9月的，库存机。除了这个以外其他还好，另外cmos上有颗灰。,48,2026-01-21,,【索尼ZV-E10】索尼（SONY）ZV-E10 半画幅微单相机 单机身 美肤拍照 颜值机身 精准对焦 VLOG APS-C画幅 黑色【行情 报价 价格 评测】-京东,3星
索尼,ZV-E10,好评,5,2025.10月生产三码合一正品,16,2026-01-20,,【索尼ZV-E10】索尼（SONY）ZV-E10 半画幅微单相机 单机身 美肤拍照 颜值机身 精准对焦 VLOG APS-C画幅 黑色【行情 报价 价格 评测】-京东,5星
索尼,ZV-E10,好评,5,哈啊哈哈哈哈啊哈哈哈啊哈哈哈啊哈,16,2026-01-20,,【索尼ZV-E10】索尼（SONY）ZV-E10 半画幅微单相机 单机身 美肤拍照 颜值机身 精准对焦 VLOG APS-C画幅 黑色【行情 报价 价格 评测】-京东,5星
索尼,ZV-E10,好评,5,好用，拍照清晰，出片。质量很好，性价比比较高,22,2026-01-19,,【索尼ZV-E10】索尼（SONY）ZV-E10 半画幅微单相机 单机身 美肤拍照 颜值机身 精准对焦 VLOG APS-C画幅 黑色【行情 报价 价格 评测】-京东,5星
索尼,ZV-E10,好评,5,非常轻便，但是有的时候画质和手机不相上下（但是上限比手机高多了），很好玩，性价比超高，拍视频就只能固定机位画质很棒，上稳定器小范围移动有的时候也能用，套头感觉其实挺（）虽然很多时候我都用好6mmf1.75。反正我没钱这个相机能让我拍到照片我已经很满意了,126,2026-01-19,,【索尼ZV-E10】索尼（SONY）ZV-E10 半画幅微单相机 单机身 美肤拍照 颜值机身 精准对焦 VLOG APS-C画幅 黑色【行情 报价 价格 评测】-京东,5星
索尼,ZV-E10,好评,5,对焦很快，操作也简单,10,2026-01-18,,【索尼ZV-E10】索尼（SONY）ZV-E10 半画幅微单相机 单机身 美肤拍照 颜值机身 精准对焦 VLOG APS-C画幅 黑色【行情 报价 价格 评测】-京东,5星
索尼,ZV-E10,好评,5,挺好的，新手还在学习中,11,2026-01-18,,【索尼ZV-E10】索尼（SONY）ZV-E10 半画幅微单相机 单机身 美肤拍照 颜值机身 精准对焦 VLOG APS-C画幅 黑色【行情 报价 价格 评测】-京东,5星
索尼,ZV-E10,差评,1,垃圾中的战斗机，大家谨慎购买，想清楚再买，买了就不能退，4000打水漂，还不如买台好点的手机去拍照。,50,2026-01-18,,【索尼ZV-E10】索尼（SONY）ZV-E10 半画幅微单相机 单机身 美肤拍照 颜值机身 精准对焦 VLOG APS-C画幅 黑色【行情 报价 价格 评测】-京东,1星
索尼,ZV-E10,差评,1,刚过价保就降价,7,2026-01-18,,【索尼ZV-E10】索尼（SONY）ZV-E10 半画幅微单相机 单机身 美肤拍照 颜值机身 精准对焦 VLOG APS-C画幅 黑色【行情 报价 价格 评测】-京东,1星
索尼,ZV-E10,好评,5,各种对比，最后还是选了这款，收到检查了没啥问题，暂时很好，白色比黑色漂亮，拍照还可以，京东比较靠谱，比拼夕夕贵二百块钱无所谓，图个安心，而且还送了套子，内存卡。,80,2026-01-17,,【索尼ZV-E10】索尼（SONY）ZV-E10 半画幅微单相机 单机身 美肤拍照 颜值机身 精准对焦 VLOG APS-C画幅 黑色【行情 报价 价格 评测】-京东,5星
索尼,ZV-E10,好评,5,非常好，值得购买，下次还会继续购买，点赞,20,2026-01-17,,【索尼ZV-E10】索尼（SONY）ZV-E10 半画幅微单相机 单机身 美肤拍照 颜值机身 精准对焦 VLOG APS-C画幅 黑色【行情 报价 价格 评测】-京东,5星
索尼,ZV-E10,好评,5,非好吃，值得信赖，下次还会继续购买，点赞,20,2026-01-17,,【索尼ZV-E10】索尼（SONY）ZV-E10 半画幅微单相机 单机身 美肤拍照 颜值机身 精准对焦 VLOG APS-C画幅 黑色【行情 报价 价格 评测】-京东,5星
索尼,ZV-E10,好评,5,"首先京东平台购物，物流速度就是杠杠的，总是第一时间发货到货
对相机没有概念，在小红书上面搜索对比的，这款是特别多推荐的新手相机，性价比高，性能好，女儿超级开心满意，推荐推荐",86,2026-01-16,,【索尼ZV-E10】索尼（SONY）ZV-E10 半画幅微单相机 单机身 美肤拍照 颜值机身 精准对焦 VLOG APS-C画幅 黑色【行情 报价 价格 评测】-京东,5星
索尼,ZV-E10,好评,5,重量轻便，很方便携带，出片清晰。,16,2026-01-16,,【索尼ZV-E10】索尼（SONY）ZV-E10 半画幅微单相机 单机身 美肤拍照 颜值机身 精准对焦 VLOG APS-C画幅 黑色【行情 报价 价格 评测】-京东,5星
索尼,ZV-E10,好评,5,小巧便携可换镜头价格还便宜，是我现在最常用的相机,24,2026-01-16,,【索尼ZV-E10】索尼（SONY）ZV-E10 半画幅微单相机 单机身 美肤拍照 颜值机身 精准对焦 VLOG APS-C画幅 黑色【行情 报价 价格 评测】-京东,5星
索尼,ZV-E10,好评,4,买来送人的，同时下单，但是镜头和机身还是分开到货的，颜值还是不错的，现在虽然手机拍照效果已经不错了，相机还是有他存在的价值的,62,2026-01-15,,【索尼ZV-E10】索尼（SONY）ZV-E10 半画幅微单相机 单机身 美肤拍照 颜值机身 精准对焦 VLOG APS-C画幅 黑色【行情 报价 价格 评测】-京东,4星
索尼,ZV-E10,好评,5,第一款相机，爱死了，我爱索尼,14,2026-01-15,,【索尼ZV-E10】索尼（SONY）ZV-E10 半画幅微单相机 单机身 美肤拍照 颜值机身 精准对焦 VLOG APS-C画幅 黑色【行情 报价 价格 评测】-京东,5星
索尼,ZV-E10,好评,5,品质稳定，做工优良，服务好。,14,2026-01-14,,【索尼ZV-E10】索尼（SONY）ZV-E10 半画幅微单相机 单机身 美肤拍照 颜值机身 精准对焦 VLOG APS-C画幅 黑色【行情 报价 价格 评测】-京东,5星
索尼,ZV-E10,好评,5,"产品包装：包装严实，挺好的
成像效果：拍照 录像画面都还蛮舒服的",32,2026-01-14,,【索尼ZV-E10】索尼（SONY）ZV-E10 半画幅微单相机 单机身 美肤拍照 颜值机身 精准对焦 VLOG APS-C画幅 黑色【行情 报价 价格 评测】-京东,5星
索尼,ZV-E10,好评,5,"外形外观：小巧很适合女孩子使用
成像效果：拍照 录像画面都还蛮舒服的",34,2026-01-14,,【索尼ZV-E10】索尼（SONY）ZV-E10 半画幅微单相机 单机身 美肤拍照 颜值机身 精准对焦 VLOG APS-C画幅 黑色【行情 报价 价格 评测】-京东,5星
索尼,ZV-E10,好评,5,质量好，价格低，这性价比没谁了。物流飞速，商家服务优质，售后让人放心，强烈推荐！强烈推荐这家店的商品，物美价廉，质量可靠。物流快，商家服务好，售后有保障。质量好，价格低，这性价比没谁了。物流飞速，商家服务优质，售后让人放心，强烈推荐！强烈推荐这家店的商品，物美价廉，质量可靠。物流快，商家服务好，售后有保障。质量好，价格低，这性价比没谁了。物流飞速，商家服务优质，售后让人放心，强烈推荐！强烈推荐这家店的商品，物美价廉，质量可靠。物流快，商家服务好，售后有保障。质量好，价格低，这性价比没谁了。物流飞,250,2026-01-13,,【索尼ZV-E10】索尼（SONY）ZV-E10 半画幅微单相机 单机身 美肤拍照 颜值机身 精准对焦 VLOG APS-C画幅 黑色【行情 报价 价格 评测】-京东,5星
索尼,ZV-E10,好评,5,在网上还是实体店看了好长时间，最终选择了这款。出门旅游还是孩子上学，带着很方便。画质清晰，噪音小。,49,2026-01-13,,【索尼ZV-E10】索尼（SONY）ZV-E10 半画幅微单相机 单机身 美肤拍照 颜值机身 精准对焦 VLOG APS-C画幅 黑色【行情 报价 价格 评测】-京东,5星
索尼,ZV-E10,好评,5,1. 东西收到啦，质量超出预期，细节做得很到位，性价比超高，真心推荐给大家！  2. 物流速度绝了，包装严实没有破损，实物和描述一模一样，用着很顺手，会回购！  3. 这款真的太好用了，做工精细，颜值也高，用了几天体验感满分，闭眼入不亏！,119,2026-01-12,,【索尼ZV-E10】索尼（SONY）ZV-E10 半画幅微单相机 单机身 美肤拍照 颜值机身 精准对焦 VLOG APS-C画幅 黑色【行情 报价 价格 评测】-京东,5星
索尼,ZV-E10,好评,5,还不错，很新，全新正品，对焦速度也很快,19,2026-01-12,,【索尼ZV-E10】索尼（SONY）ZV-E10 半画幅微单相机 单机身 美肤拍照 颜值机身 精准对焦 VLOG APS-C画幅 黑色【行情 报价 价格 评测】-京东,5星
索尼,ZV-E10,好评,5,小巧可爱，方便携带。,10,2026-01-11,,【索尼ZV-E10】索尼（SONY）ZV-E10 半画幅微单相机 单机身 美肤拍照 颜值机身 精准对焦 VLOG APS-C画幅 黑色【行情 报价 价格 评测】-京东,5星
索尼,ZV-E10,好评,5,保修制度不够好，,8,2026-01-11,,【索尼ZV-E10】索尼（SONY）ZV-E10 半画幅微单相机 单机身 美肤拍照 颜值机身 精准对焦 VLOG APS-C画幅 黑色【行情 报价 价格 评测】-京东,5星
索尼,ZV-E10,好评,5,最近出门朋友看到我穿这件都来找我要链接🔗！不管是出门玩还是平时穿都超合适，做工细节也蛮讲究🔍，强烈安利你们买！,55,2026-01-11,,【索尼ZV-E10】索尼（SONY）ZV-E10 半画幅微单相机 单机身 美肤拍照 颜值机身 精准对焦 VLOG APS-C画幅 黑色【行情 报价 价格 评测】-京东,5星
索尼,ZV-E10,差评,1,此用户未及时填写评价内容,12,2026-01-11,阳光好的时候比较出片，室内拍照不好看。售后很差，充电线充电器没到三个月就坏了，充不了电，联系客服说没售后。,【索尼ZV-E10】索尼（SONY）ZV-E10 半画幅微单相机 单机身 美肤拍照 颜值机身 精准对焦 VLOG APS-C画幅 黑色【行情 报价 价格 评测】-京东,1星
索尼,ZV-E10,好评,5,全是淋巴肉,5,2026-01-11,,【索尼ZV-E10】索尼（SONY）ZV-E10 半画幅微单相机 单机身 美肤拍照 颜值机身 精准对焦 VLOG APS-C画幅 黑色【行情 报价 价格 评测】-京东,5星
索尼,ZV-E10,好评,5,哈哈。我终于买到了！眼馋了好久！卖家很给力回话速度很快！生意兴隆哦好产品、好品质、好服务，宝贝确实值这个价钱，在这给商家点个赞,63,2026-01-10,,【索尼ZV-E10】索尼（SONY）ZV-E10 半画幅微单相机 单机身 美肤拍照 颜值机身 精准对焦 VLOG APS-C画幅 黑色【行情 报价 价格 评测】-京东,5星
索尼,ZV-E10,好评,5,此用户未及时填写评价内容,12,2026-01-10,这个商品标记是京东自营的，但是客服给我打电话说他是商家，我也不知道这个到底是不是自营，理解不了自营的概念，大家可以参考,【索尼ZV-E10】索尼（SONY）ZV-E10 半画幅微单相机 单机身 美肤拍照 颜值机身 精准对焦 VLOG APS-C画幅 黑色【行情 报价 价格 评测】-京东,5星
索尼,ZV-E10,好评,5,相机很好用拍出来照片清晰,12,2026-01-10,,【索尼ZV-E10】索尼（SONY）ZV-E10 半画幅微单相机 单机身 美肤拍照 颜值机身 精准对焦 VLOG APS-C画幅 黑色【行情 报价 价格 评测】-京东,5星
索尼,ZV-E10,好评,5,"纠结好久，终于入手索尼zve10套机，只能说这波真的没选错！
它的颜值很高，小巧精致，机身轻便，出门随手塞进包里毫无负担。屏幕能270度翻转，自拍、 低角度拍摄都轻松搞定。而且按键布局合理，操作简单易懂，对于我这种摄影小白来说，上手毫无压力。",121,2026-01-08,,【索尼ZV-E10】索尼（SONY）ZV-E10 半画幅微单相机 单机身 美肤拍照 颜值机身 精准对焦 VLOG APS-C画幅 黑色【行情 报价 价格 评测】-京东,5星
索尼,ZV-E10,好评,5,还可以吧，毕竟价格在那里，入门机,16,2026-01-08,,【索尼ZV-E10】索尼（SONY）ZV-E10 半画幅微单相机 单机身 美肤拍照 颜值机身 精准对焦 VLOG APS-C画幅 黑色【行情 报价 价格 评测】-京东,5星
索尼,ZV-E10,好评,5,优良的品质，扎实的质量，让这款商品成为了我的心头好。购物非常愉快，商品实惠又耐用，质量有保证。物流迅速，商家服务贴心，售后无忧。,64,2026-01-08,,【索尼ZV-E10】索尼（SONY）ZV-E10 半画幅微单相机 单机身 美肤拍照 颜值机身 精准对焦 VLOG APS-C画幅 黑色【行情 报价 价格 评测】-京东,5星
索尼,ZV-E10,差评,1,二代镜头买了没几天就降价 还不能申请价保 建议去其他平台比价后购买,33,2026-01-08,,【索尼ZV-E10】索尼（SONY）ZV-E10 半画幅微单相机 单机身 美肤拍照 颜值机身 精准对焦 VLOG APS-C画幅 黑色【行情 报价 价格 评测】-京东,1星
索尼,ZV-E10,好评,5,哈哈哈哈哈哈哈哈哈哈哈哈哈哈哈哈哈哈哈哈哈哈哈哈哈哈哈哈哈哈哈哈哈哈哈哈哈哈哈哈哈哈哈哈哈哈哈哈哈哈哈哈哈哈哈哈哈哈哈哈哈哈,62,2026-01-08,,【索尼ZV-E10】索尼（SONY）ZV-E10 半画幅微单相机 单机身 美肤拍照 颜值机身 精准对焦 VLOG APS-C画幅 黑色【行情 报价 价格 评测】-京东,5星
索尼,ZV-E10,好评,5,孩子说很喜欢  很好,10,2026-01-07,,【索尼ZV-E10】索尼（SONY）ZV-E10 半画幅微单相机 单机身 美肤拍照 颜值机身 精准对焦 VLOG APS-C画幅 黑色【行情 报价 价格 评测】-京东,5星
索尼,ZV-E10,好评,5,这款相机真是太棒了！我最近用它拍了很多照片，每一张都清晰得让人惊叹。无论是风景还是人物，细节都能完美捕捉。而且，相机的操作也非常简单，即使是第一次使用也能很快上手。上传照片到电脑上也特别方便，传输速度很快，画质一点也没有损失。总的来说，这款相机真是太值得购买了，强烈推荐给大家！,139,2026-01-07,,【索尼ZV-E10】索尼（SONY）ZV-E10 半画幅微单相机 单机身 美肤拍照 颜值机身 精准对焦 VLOG APS-C画幅 黑色【行情 报价 价格 评测】-京东,5星
索尼,ZV-E10,好评,5,"一直心心念念想拥有一台属于自己的相机拍自己想拍的手机已经满足不了,一旦有了想拥有的想法迟早都会拥有哈哈，最开始一直想要买富士相机，最近的小金库有限网但实在特别想有台相机选择zve10k.",93,2026-01-07,,【索尼ZV-E10】索尼（SONY）ZV-E10 半画幅微单相机 单机身 美肤拍照 颜值机身 精准对焦 VLOG APS-C画幅 黑色【行情 报价 价格 评测】-京东,5星
索尼,ZV-E10,好评,5,非常棒👍🌹👍👍🌹👍👍,10,2026-01-07,,【索尼ZV-E10】索尼（SONY）ZV-E10 半画幅微单相机 单机身 美肤拍照 颜值机身 精准对焦 VLOG APS-C画幅 黑色【行情 报价 价格 评测】-京东,5星
索尼,ZV-E10,好评,5,总体不错，不过可能机型较老，拿到手电池是没电的，可能会影响电池容量和寿命,36,2026-01-07,,【索尼ZV-E10】索尼（SONY）ZV-E10 半画幅微单相机 单机身 美肤拍照 颜值机身 精准对焦 VLOG APS-C画幅 黑色【行情 报价 价格 评测】-京东,5星
索尼,ZV-E10,好评,5,这个相机可以 现在换了新的镜头,15,2026-01-06,,【索尼ZV-E10】索尼（SONY）ZV-E10 半画幅微单相机 单机身 美肤拍照 颜值机身 精准对焦 VLOG APS-C画幅 黑色【行情 报价 价格 评测】-京东,5星
索尼,ZV-E10,好评,5,东西拿到了，完好无损的,11,2026-01-06,,【索尼ZV-E10】索尼（SONY）ZV-E10 半画幅微单相机 单机身 美肤拍照 颜值机身 精准对焦 VLOG APS-C画幅 黑色【行情 报价 价格 评测】-京东,5星
索尼,ZV-E10,好评,5,机身轻巧便携，侧翻屏和优秀麦克风为vlog拍摄带来极大便利。新升级的16-50mm二代套头画质比预期好，电动变焦平滑顺滑，OSS防抖让手持拍摄更稳定。对焦速度极快，产品展示功能特别实用。,93,2026-01-06,,【索尼ZV-E10】索尼（SONY）ZV-E10 半画幅微单相机 单机身 美肤拍照 颜值机身 精准对焦 VLOG APS-C画幅 黑色【行情 报价 价格 评测】-京东,5星
索尼,ZV-E10,好评,5,"高颜值挺好看
其他功能还没学习，等开机后拍照看看效果",26,2026-01-06,,【索尼ZV-E10】索尼（SONY）ZV-E10 半画幅微单相机 单机身 美肤拍照 颜值机身 精准对焦 VLOG APS-C画幅 黑色【行情 报价 价格 评测】-京东,5星
索尼,ZV-E10,好评,5,公司抽奖用，质量不错，京东送货非常快。,19,2026-01-06,,【索尼ZV-E10】索尼（SONY）ZV-E10 半画幅微单相机 单机身 美肤拍照 颜值机身 精准对焦 VLOG APS-C画幅 黑色【行情 报价 价格 评测】-京东,5星
索尼,ZV-E10,好评,5,京东配送的第2天就到了，物流速度依旧很快是索尼官方正品，并且赠送了赠品，非常好用，还是选择在京东上购买的这一款相机 五星好评,62,2026-01-05,,【索尼ZV-E10】索尼（SONY）ZV-E10 半画幅微单相机 单机身 美肤拍照 颜值机身 精准对焦 VLOG APS-C画幅 黑色【行情 报价 价格 评测】-京东,5星
索尼,ZV-E10,好评,5,是正品！相机是全新的！黑色特别有质感，喜欢😍,22,2026-01-05,,【索尼ZV-E10】索尼（SONY）ZV-E10 半画幅微单相机 单机身 美肤拍照 颜值机身 精准对焦 VLOG APS-C画幅 黑色【行情 报价 价格 评测】-京东,5星
索尼,ZV-E10,好评,5,确实挺不错的不错不错,10,2026-01-05,,【索尼ZV-E10】索尼（SONY）ZV-E10 半画幅微单相机 单机身 美肤拍照 颜值机身 精准对焦 VLOG APS-C画幅 黑色【行情 报价 价格 评测】-京东,5星
索尼,ZV-E10,好评,5,对比了很久还是选择zve10，对焦比我的m2好很多，还轻便。,30,2026-01-05,,【索尼ZV-E10】索尼（SONY）ZV-E10 半画幅微单相机 单机身 美肤拍照 颜值机身 精准对焦 VLOG APS-C画幅 黑色【行情 报价 价格 评测】-京东,5星
索尼,ZV-E10,好评,5,特别流畅 电池嘎嘎耐用 出去玩两天 都用不完 就是省电还轻便 必须点赞嗷 嘎嘎板正 嘎嘎好使用老铁  就用就完了 直接没毛病,62,2026-01-05,,【索尼ZV-E10】索尼（SONY）ZV-E10 半画幅微单相机 单机身 美肤拍照 颜值机身 精准对焦 VLOG APS-C画幅 黑色【行情 报价 价格 评测】-京东,5星
索尼,ZV-E10,好评,5,是朋友推荐买的，朋友的拍照看起来还行，但是很离谱，买完之后一直在降价，目前降了快300块！太不保值了！,51,2026-01-04,,【索尼ZV-E10】索尼（SONY）ZV-E10 半画幅微单相机 单机身 美肤拍照 颜值机身 精准对焦 VLOG APS-C画幅 黑色【行情 报价 价格 评测】-京东,5星
索尼,ZV-E10,好评,5,买给女儿用，很喜欢。,10,2026-01-04,,【索尼ZV-E10】索尼（SONY）ZV-E10 半画幅微单相机 单机身 美肤拍照 颜值机身 精准对焦 VLOG APS-C画幅 黑色【行情 报价 价格 评测】-京东,5星
索尼,ZV-E10,好评,5,索尼这款相机真的是便携党福音！机身小巧轻便，揣进小包毫无压力，日常扫街、记录生活超合适。成像画质在便携机里很能打，色彩还原自然，对焦也快准狠。搭配可爱的米奇装饰配件，颜值直接拉满，既是实用的摄影工具，又能当精致的桌面小摆件，太爱了,115,2026-01-03,,【索尼ZV-E10】索尼（SONY）ZV-E10 半画幅微单相机 单机身 美肤拍照 颜值机身 精准对焦 VLOG APS-C画幅 黑色【行情 报价 价格 评测】-京东,5星
索尼,ZV-E10,好评,5,质量出色，价格美丽动人。物流很快，商家服务周到，售后完善！,29,2026-01-03,,【索尼ZV-E10】索尼（SONY）ZV-E10 半画幅微单相机 单机身 美肤拍照 颜值机身 精准对焦 VLOG APS-C画幅 黑色【行情 报价 价格 评测】-京东,5星
索尼,ZV-E10,差评,1,新机连个基础内存卡都没有！！！,15,2026-01-03,,【索尼ZV-E10】索尼（SONY）ZV-E10 半画幅微单相机 单机身 美肤拍照 颜值机身 精准对焦 VLOG APS-C画幅 黑色【行情 报价 价格 评测】-京东,1星
索尼,ZV-E10,好评,5,有何不敢😡既承先帝遗志😏怎能困守不前😡嗯嗯嗯~哈！！😡😡我！！😡魏延😡只进不退！！！😡😡若魏寇将十万之众延当为主公尽歼[发怒]👊纵曹贼举天下进犯👊👊👊[发怒]延亦可勠力拒退为主破敌👊[发怒][发怒][发怒]👊如鱼饮水魏文长在此👋😂😂👊尔辈何敢乃尔！😡👊😡👊主公有延助力，何忧汉室难兴？此身搏杀不懈，只为成主公之业[发怒]👊曹贼吴犬，我有何惧哉？😠我尚未全力一搏，[咒骂]又试问谁能阻挡？😡😡👊丞相无需多虑[咒骂]我定能轻身立功！,214,2026-01-03,,【索尼ZV-E10】索尼（SONY）ZV-E10 半画幅微单相机 单机身 美肤拍照 颜值机身 精准对焦 VLOG APS-C画幅 黑色【行情 报价 价格 评测】-京东,5星
索尼,ZV-E10,中评,3,此用户未及时填写评价内容,12,2026-01-03,感觉不如某些手机拍照效果，体验一般手机拍照啊,【索尼ZV-E10】索尼（SONY）ZV-E10 半画幅微单相机 单机身 美肤拍照 颜值机身 精准对焦 VLOG APS-C画幅 黑色【行情 报价 价格 评测】-京东,3星
索尼,ZV-E10,好评,5,相机是送人的，所以说图形是没有，但是的话我觉得价格的话是比较实惠的。嗯，索尼的相机一直是我们朋友和我经常使用的一款相机嗯就是镜头少了一些如果是镜头更好的话那就肯定就更,83,2026-01-02,,【索尼ZV-E10】索尼（SONY）ZV-E10 半画幅微单相机 单机身 美肤拍照 颜值机身 精准对焦 VLOG APS-C画幅 黑色【行情 报价 价格 评测】-京东,5星
索尼,ZV-E10,好评,5,索尼相机的机身重量很轻，很适合平时外出时携带拍摄，一个好的相机的评价其实很简单，那就是那个喜欢经常拿出去的相机，才是你选对的那台。,65,2026-01-02,,【索尼ZV-E10】索尼（SONY）ZV-E10 半画幅微单相机 单机身 美肤拍照 颜值机身 精准对焦 VLOG APS-C画幅 黑色【行情 报价 价格 评测】-京东,5星
索尼,ZV-E10,好评,5,颜色真实，方便携带，,10,2026-01-02,,【索尼ZV-E10】索尼（SONY）ZV-E10 半画幅微单相机 单机身 美肤拍照 颜值机身 精准对焦 VLOG APS-C画幅 黑色【行情 报价 价格 评测】-京东,5星
索尼,ZV-E10,好评,5,有何不敢😡既承先帝遗志😏怎能困守不前😡嗯嗯嗯~哈！！😡😡我！！😡魏延😡只进不退！！！😡😡若魏寇将十万之众延当为主公尽歼[发怒]👊纵曹贼举天下进犯👊👊👊[发怒]延亦可勠力拒退为主破敌👊[发怒][发怒][发怒]👊如鱼饮水魏文长在此👋😂😂👊尔辈何敢乃尔！😡👊😡👊主公有延助力，何忧汉室难兴？此身搏杀不懈，只为成主公之业[发怒]👊曹贼吴犬，我有何惧哉？😠我尚未全力一搏，[咒骂]又试问谁能阻挡？😡😡👊丞相无需多虑[咒骂]我定能轻身立功！,214,2026-01-02,,【索尼ZV-E10】索尼（SONY）ZV-E10 半画幅微单相机 单机身 美肤拍照 颜值机身 精准对焦 VLOG APS-C画幅 黑色【行情 报价 价格 评测】-京东,5星
索尼,ZV-E10,好评,5,相机颜值很高，因为是新手，拍出来的效果可能不是很好，都是照片很清晰，屏幕可以旋转，可以多角度调节，小巧精致，真是性价比很高的产品,64,2026-01-01,,【索尼ZV-E10】索尼（SONY）ZV-E10 半画幅微单相机 单机身 美肤拍照 颜值机身 精准对焦 VLOG APS-C画幅 黑色【行情 报价 价格 评测】-京东,5星
索尼,ZV-E10,好评,5,拍照不错，价格也很实惠,11,2026-01-01,,【索尼ZV-E10】索尼（SONY）ZV-E10 半画幅微单相机 单机身 美肤拍照 颜值机身 精准对焦 VLOG APS-C画幅 黑色【行情 报价 价格 评测】-京东,5星
索尼,ZV-E10,好评,5,相机收到了，质量很好，和图片没有差别，做工精细，对焦很快，换镜头很方便，操作简单易上手。物流速度也很快，第二天就到了。索尼ZV-E10相机很不错。,73,2026-01-01,,【索尼ZV-E10】索尼（SONY）ZV-E10 半画幅微单相机 单机身 美肤拍照 颜值机身 精准对焦 VLOG APS-C画幅 黑色【行情 报价 价格 评测】-京东,5星
索尼,ZV-E10,好评,5,刚买没多久就降价了？,10,2026-01-01,,【索尼ZV-E10】索尼（SONY）ZV-E10 半画幅微单相机 单机身 美肤拍照 颜值机身 精准对焦 VLOG APS-C画幅 黑色【行情 报价 价格 评测】-京东,5星
索尼,ZV-E10,好评,5,这不仅仅是一次满意的消费，更是一次愉悦的旅程，感谢你们带来的美好体验，期待下次再见。,42,2026-01-01,,【索尼ZV-E10】索尼（SONY）ZV-E10 半画幅微单相机 单机身 美肤拍照 颜值机身 精准对焦 VLOG APS-C画幅 黑色【行情 报价 价格 评测】-京东,5星
索尼,ZV-E10,好评,5,老婆很喜欢😘非常好的相机,12,2025-12-31,,【索尼ZV-E10】索尼（SONY）ZV-E10 半画幅微单相机 单机身 美肤拍照 颜值机身 精准对焦 VLOG APS-C画幅 黑色【行情 报价 价格 评测】-京东,5星
索尼,ZV-E10,好评,5,用着非常方便西湖的风景特别美,14,2025-12-31,,【索尼ZV-E10】索尼（SONY）ZV-E10 半画幅微单相机 单机身 美肤拍照 颜值机身 精准对焦 VLOG APS-C画幅 黑色【行情 报价 价格 评测】-京东,5星
索尼,ZV-E10,好评,5,"产品包装：包装很好
外形外观：外形漂亮，符合审美
成像效果：成像效果很好
第一次尝试购买相机，和使用相机。对于初学者来说，它真的很友好，而且拍摄效果也很好。",78,2025-12-30,,【索尼ZV-E10】索尼（SONY）ZV-E10 半画幅微单相机 单机身 美肤拍照 颜值机身 精准对焦 VLOG APS-C画幅 黑色【行情 报价 价格 评测】-京东,5星
索尼,ZV-E10,好评,5,是全新正品，物流快，包装严实,14,2025-12-30,,【索尼ZV-E10】索尼（SONY）ZV-E10 半画幅微单相机 单机身 美肤拍照 颜值机身 精准对焦 VLOG APS-C画幅 黑色【行情 报价 价格 评测】-京东,5星
索尼,ZV-E10,好评,5,重量刚好，轻便，便于携带，换镜头也方便,19,2025-12-30,,【索尼ZV-E10】索尼（SONY）ZV-E10 半画幅微单相机 单机身 美肤拍照 颜值机身 精准对焦 VLOG APS-C画幅 黑色【行情 报价 价格 评测】-京东,5星
索尼,ZV-E10,好评,5,很好，拍照片很清晰。,10,2025-12-29,,【索尼ZV-E10】索尼（SONY）ZV-E10 半画幅微单相机 单机身 美肤拍照 颜值机身 精准对焦 VLOG APS-C画幅 黑色【行情 报价 价格 评测】-京东,5星
索尼,ZV-E10,好评,5,小巧 好好好好好好好好好,12,2025-12-29,,【索尼ZV-E10】索尼（SONY）ZV-E10 半画幅微单相机 单机身 美肤拍照 颜值机身 精准对焦 VLOG APS-C画幅 黑色【行情 报价 价格 评测】-京东,5星
索尼,ZV-E10,好评,5,家人们，这次在京东购物体验太棒啦！东西拿到手，用了之后才来评价，真的超好用，超出预期。而且价格实惠，性价比超高。从购买到收货，整个流程都很顺畅，客服也很耐心。必须给五星好评，以后还会在京东继续买买买！,100,2025-12-29,,【索尼ZV-E10】索尼（SONY）ZV-E10 半画幅微单相机 单机身 美肤拍照 颜值机身 精准对焦 VLOG APS-C画幅 黑色【行情 报价 价格 评测】-京东,5星
索尼,ZV-E10,好评,5,感觉还行吧，,6,2025-12-27,,【索尼ZV-E10】索尼（SONY）ZV-E10 半画幅微单相机 单机身 美肤拍照 颜值机身 精准对焦 VLOG APS-C画幅 黑色【行情 报价 价格 评测】-京东,5星
索尼,ZV-E10,好评,5,买的第二台了，这个价位，比首发更有性价比，机械快门能用机外闪光灯，日常拍照足够了，拍视频固定机位还行，4K30的视频slog3给入门视频足够的空间。下次在升级就是6700以上的了,89,2025-12-27,,【索尼ZV-E10】索尼（SONY）ZV-E10 半画幅微单相机 单机身 美肤拍照 颜值机身 精准对焦 VLOG APS-C画幅 黑色【行情 报价 价格 评测】-京东,5星
索尼,ZV-E10,好评,5,真的很喜欢，完全超出期望值，发货速度非常快，包装非常仔细、严实，运送速度很快，很满意的一次购物这质量真是太意外了，实物美美哒，触感很好，很推荐哦~,73,2025-12-26,,【索尼ZV-E10】索尼（SONY）ZV-E10 半画幅微单相机 单机身 美肤拍照 颜值机身 精准对焦 VLOG APS-C画幅 黑色【行情 报价 价格 评测】-京东,5星
索尼,ZV-E10,好评,5,应该还可以还可以还可以吧,12,2025-12-25,,【索尼ZV-E10】索尼（SONY）ZV-E10 半画幅微单相机 单机身 美肤拍照 颜值机身 精准对焦 VLOG APS-C画幅 黑色【行情 报价 价格 评测】-京东,5星
索尼,ZV-E10,好评,5,给女儿买的礼物。外观设计很不错，成像的效果也是很非常不错。女儿还在学习摄影的基础阶段。,43,2025-12-25,,【索尼ZV-E10】索尼（SONY）ZV-E10 半画幅微单相机 单机身 美肤拍照 颜值机身 精准对焦 VLOG APS-C画幅 黑色【行情 报价 价格 评测】-京东,5星
索尼,ZV-E10,好评,5,索尼相机的机身重量很轻，很适合平时外出时携带拍摄，一个好的相机的评价其实很简单，那就是那个喜欢经常拿出去的相机，才是你选对的那台。👍,66,2025-12-25,,【索尼ZV-E10】索尼（SONY）ZV-E10 半画幅微单相机 单机身 美肤拍照 颜值机身 精准对焦 VLOG APS-C画幅 黑色【行情 报价 价格 评测】-京东,5星
索尼,ZV-E10,好评,5,非常漂亮，做工精细，颜值超级高。实物和描述完全一致，给孩子买的礼物，相机的大小正好，特别适合女孩子。物流很快。,55,2025-12-24,,【索尼ZV-E10】索尼（SONY）ZV-E10 半画幅微单相机 单机身 美肤拍照 颜值机身 精准对焦 VLOG APS-C画幅 黑色【行情 报价 价格 评测】-京东,5星
索尼,ZV-E10,好评,5,"📸照片清晰度超赞，屏幕触控反应灵敏✨
🎒携带轻便，操作简单易上手💡
🚚快递包装严实，送货速度飞快⚡
👏配送员服务贴心，全程无压力👍
整体体验非常满意，值得推荐！🌟🌟",82,2025-12-24,,【索尼ZV-E10】索尼（SONY）ZV-E10 半画幅微单相机 单机身 美肤拍照 颜值机身 精准对焦 VLOG APS-C画幅 黑色【行情 报价 价格 评测】-京东,5星
索尼,ZV-E10,好评,5,真的真的真的真的真的真的真的真的真的真的真的真的真的真的真的真的真的真的真的真的真的真的真的真的真的真的真的真的真的真的真的真的真的真的真的真的,72,2025-12-24,,【索尼ZV-E10】索尼（SONY）ZV-E10 半画幅微单相机 单机身 美肤拍照 颜值机身 精准对焦 VLOG APS-C画幅 黑色【行情 报价 价格 评测】-京东,5星
索尼,ZV-E10,好评,5,的呢等你等你等你烦你烦你等你等你等你等你等你等你,24,2025-12-24,,【索尼ZV-E10】索尼（SONY）ZV-E10 半画幅微单相机 单机身 美肤拍照 颜值机身 精准对焦 VLOG APS-C画幅 黑色【行情 报价 价格 评测】-京东,5星
索尼,ZV-E10,好评,5,宝贝已收到🎈，超级喜欢，颜值高又实用，超级喜欢！❥❥❥质量没得说！无论是材质的质感还是整体的做工，都让人眼前一亮。使用起来效果绝佳，真心赞！,70,2025-12-24,,【索尼ZV-E10】索尼（SONY）ZV-E10 半画幅微单相机 单机身 美肤拍照 颜值机身 精准对焦 VLOG APS-C画幅 黑色【行情 报价 价格 评测】-京东,5星
索尼,ZV-E10,中评,3,全面普及网贷平台还塔摸A遥遥领先，绝了。,20,2025-12-23,,【索尼ZV-E10】索尼（SONY）ZV-E10 半画幅微单相机 单机身 美肤拍照 颜值机身 精准对焦 VLOG APS-C画幅 黑色【行情 报价 价格 评测】-京东,3星
索尼,ZV-E10,好评,5,品牌质量不错，颜值非常高，白色高大上，就是不耐脏，价格实惠，原装头日常使用够用，虚焦功能很实用，人像模式很不错，像素高非常清晰,63,2025-12-23,,【索尼ZV-E10】索尼（SONY）ZV-E10 半画幅微单相机 单机身 美肤拍照 颜值机身 精准对焦 VLOG APS-C画幅 黑色【行情 报价 价格 评测】-京东,5星
索尼,ZV-E10,好评,5,非常满意的一次购物，产品外观和质量都很棒，物流速度快，商家服务专业。不得不夸赞一下，商品不仅价格美丽，质量更是一流。物流超快，商家服务优质，发货速度快，店家包装用心没有破损。客服很耐心，很赞，京东好评,100,2025-12-23,,【索尼ZV-E10】索尼（SONY）ZV-E10 半画幅微单相机 单机身 美肤拍照 颜值机身 精准对焦 VLOG APS-C画幅 黑色【行情 报价 价格 评测】-京东,5星
索尼,ZV-E10,好评,5,索尼ZV-E10 简直是Vlogger的梦中情机！机身轻量化设计，长时间手持拍摄毫无压力。新一代对焦系统反应神速，人眼追焦稳如老狗，逆光环境下也能精准锁定主体。翻转屏角度灵活，自拍构图超方便。创意外观模式一键出片，省去后期调色麻烦。麦克风接口直连收音清晰，搭配E卡口丰富镜头群，新手入门、进阶创作都能拿捏，性价比直接拉满！,161,2025-12-23,,【索尼ZV-E10】索尼（SONY）ZV-E10 半画幅微单相机 单机身 美肤拍照 颜值机身 精准对焦 VLOG APS-C画幅 黑色【行情 报价 价格 评测】-京东,5星
索尼,ZV-E10,好评,5,"✨这款相机真的太香了！拍视频超流畅，功能多到用不完～🎥
防抖效果一级棒，走路拍摄也稳得不行！📱
小巧轻便，放包里毫无压力，随身携带超方便～🎒
快递包装严实，送货飞快，配送员服务贴心又专业！🚚
整体体验满分，强烈推荐给需要的小伙伴！🌟🌟",117,2025-12-23,,【索尼ZV-E10】索尼（SONY）ZV-E10 半画幅微单相机 单机身 美肤拍照 颜值机身 精准对焦 VLOG APS-C画幅 黑色【行情 报价 价格 评测】-京东,5星
索尼,ZV-E10,好评,4,🌟这款相机真的太棒了！照片清晰度超乎想象📷，电池续航也很给力🔋，操作简单到新手秒上手👏，对焦速度快得飞起⚡。快递包装严实📦，送货速度飞快🚚，配送员服务贴心😊，全程体验满分💯！强烈推荐！✨✨,94,2025-12-23,,【索尼ZV-E10】索尼（SONY）ZV-E10 半画幅微单相机 单机身 美肤拍照 颜值机身 精准对焦 VLOG APS-C画幅 黑色【行情 报价 价格 评测】-京东,4星
索尼,ZV-E10,好评,5,轻巧方便，冲一次电可用用好久，日常拍照绝了,21,2025-12-22,,【索尼ZV-E10】索尼（SONY）ZV-E10 半画幅微单相机 单机身 美肤拍照 颜值机身 精准对焦 VLOG APS-C画幅 黑色【行情 报价 价格 评测】-京东,5星
索尼,ZV-E10,好评,5,很好，物流很快，东西很给力，性价比很高！,20,2025-12-22,,【索尼ZV-E10】索尼（SONY）ZV-E10 半画幅微单相机 单机身 美肤拍照 颜值机身 精准对焦 VLOG APS-C画幅 黑色【行情 报价 价格 评测】-京东,5星
索尼,ZV-E10,好评,5,相机很好 快递送的很安全,12,2025-12-22,,【索尼ZV-E10】索尼（SONY）ZV-E10 半画幅微单相机 单机身 美肤拍照 颜值机身 精准对焦 VLOG APS-C画幅 黑色【行情 报价 价格 评测】-京东,5星
索尼,ZV-E10,好评,5,很不错！相机很好用！,10,2025-12-22,,【索尼ZV-E10】索尼（SONY）ZV-E10 半画幅微单相机 单机身 美肤拍照 颜值机身 精准对焦 VLOG APS-C画幅 黑色【行情 报价 价格 评测】-京东,5星
索尼,ZV-E10,好评,5,这个相机挺好的哦,8,2025-12-22,,【索尼ZV-E10】索尼（SONY）ZV-E10 半画幅微单相机 单机身 美肤拍照 颜值机身 精准对焦 VLOG APS-C画幅 黑色【行情 报价 价格 评测】-京东,5星
索尼,ZV-E10,好评,5,"📸轻巧便携，单手握持毫无压力～
🔄操作流畅，按键布局合理，上手快！
🖥️触控屏反应灵敏，拍摄时体验很棒✨
🔧功能丰富，日常拍照、视频录制都胜任✅
📦快递包装严实，送货迅速，服务贴心🚚",91,2025-12-21,,【索尼ZV-E10】索尼（SONY）ZV-E10 半画幅微单相机 单机身 美肤拍照 颜值机身 精准对焦 VLOG APS-C画幅 黑色【行情 报价 价格 评测】-京东,5星
索尼,ZV-E10,好评,5,拍摄视频流畅，功能多，携带方便，屏幕触控灵敏,22,2025-12-21,,【索尼ZV-E10】索尼（SONY）ZV-E10 半画幅微单相机 单机身 美肤拍照 颜值机身 精准对焦 VLOG APS-C画幅 黑色【行情 报价 价格 评测】-京东,5星
